{
  "train_domain_weights": {
    "ArXiv": 0.03234470635652542,
    "BookCorpus2": 0.0002655860153026879,
    "Books3": 0.08255136758089066,
    "DM Mathematics": 0.0011814566096290946,
    "Enron Emails": 0.0044451141729950905,
    "EuroParl": 0.011589654721319675,
    "FreeLaw": 0.02878720685839653,
    "Github": 0.008847440592944622,
    "Gutenberg (PG-19)": 0.025173012167215347,
    "HackerNews": 0.009278509765863419,
    "NIH ExPorter": 0.008799422532320023,
    "OpenSubtitles": 0.0010097817284986377,
    "OpenWebText2": 0.21612928807735443,
    "PhilPapers": 0.010674391873180866,
    "Pile-CC": 0.16684703528881073,
    "PubMed Abstracts": 0.13910473883152008,
    "PubMed Central": 0.005431258585304022,
    "StackExchange": 0.050424207001924515,
    "USPTO Backgrounds": 0.033084068447351456,
    "Ubuntu IRC": 0.007106050383299589,
    "Wikipedia (en)": 0.1518356204032898,
    "YoutubeSubtitles": 0.00509281549602747
  },
  "eval_domain_weights": {
    "ArXiv": 0.03234470635652542,
    "BookCorpus2": 0.0002655860153026879,
    "Books3": 0.08255136758089066,
    "DM Mathematics": 0.0011814566096290946,
    "Enron Emails": 0.0044451141729950905,
    "EuroParl": 0.011589654721319675,
    "FreeLaw": 0.02878720685839653,
    "Github": 0.008847440592944622,
    "Gutenberg (PG-19)": 0.025173012167215347,
    "HackerNews": 0.009278509765863419,
    "NIH ExPorter": 0.008799422532320023,
    "OpenSubtitles": 0.0010097817284986377,
    "OpenWebText2": 0.21612928807735443,
    "PhilPapers": 0.010674391873180866,
    "Pile-CC": 0.16684703528881073,
    "PubMed Abstracts": 0.13910473883152008,
    "PubMed Central": 0.005431258585304022,
    "StackExchange": 0.050424207001924515,
    "USPTO Backgrounds": 0.033084068447351456,
    "Ubuntu IRC": 0.007106050383299589,
    "Wikipedia (en)": 0.1518356204032898,
    "YoutubeSubtitles": 0.00509281549602747
  }
}