{"train_domain_weights": {"OpenWebText2": 0.126699295600907, "OpenSubtitles": 0.016794353944442546, "Wikipedia (en)": 0.027125642155414763, "HackerNews": 0.00847536041146606, "StackExchange": 0.09163993826988923, "Gutenberg (PG-19)": 0.01343803882791383, "Pile-CC": 0.10890545039151978, "PubMed Abstracts": 0.012802494393272223, "DM Mathematics": 0.01110581319170578, "PhilPapers": 0.005290436842240512, "PubMed Central": 0.08524075280975674, "ArXiv": 0.16482826187961458, "Enron Emails": 0.0007921179062599765, "EuroParl": 0.014439907486883811, "FreeLaw": 0.0646908640256545, "NIH ExPorter": 0.001139160804364663, "Ubuntu IRC": 0.006060255274943406, "Books3": 0.11703956404814442, "BookCorpus2": 0.0070210024630179635, "YoutubeSubtitles": 0.013514638736069865, "USPTO Backgrounds": 0.014944191876013181, "Github": 0.0880124586605052}, "eval_domain_weights": {"OpenWebText2": 0.126699295600907, "OpenSubtitles": 0.016794353944442546, "Wikipedia (en)": 0.027125642155414763, "HackerNews": 0.00847536041146606, "StackExchange": 0.09163993826988923, "Gutenberg (PG-19)": 0.01343803882791383, "Pile-CC": 0.10890545039151978, "PubMed Abstracts": 0.012802494393272223, "DM Mathematics": 0.01110581319170578, "PhilPapers": 0.005290436842240512, "PubMed Central": 0.08524075280975674, "ArXiv": 0.16482826187961458, "Enron Emails": 0.0007921179062599765, "EuroParl": 0.014439907486883811, "FreeLaw": 0.0646908640256545, "NIH ExPorter": 0.001139160804364663, "Ubuntu IRC": 0.006060255274943406, "Books3": 0.11703956404814442, "BookCorpus2": 0.0070210024630179635, "YoutubeSubtitles": 0.013514638736069865, "USPTO Backgrounds": 0.014944191876013181, "Github": 0.0880124586605052}}