{
  "train_domain_weights": {
    "HackerNews": 0.007293917573508034,
    "FreeLaw": 0.04914821344306047,
    "Github": 0.05801351087987092,
    "PubMed Central": 0.1499181472452533,
    "Pile-CC": 0.09474957416493439,
    "YoutubeSubtitles": 0.00951306300004564,
    "EuroParl": 0.010292311224900243,
    "Ubuntu IRC": 0.013778890612802052,
    "USPTO Backgrounds": 0.03387174611820998,
    "PubMed Abstracts": 0.02875348162377297,
    "StackExchange": 0.06597303714784566,
    "Enron Emails": 0.0016873871118349244,
    "OpenWebText2": 0.1064311752373508,
    "Books3": 0.10130779512238648,
    "PhilPapers": 0.004341259083073259,
    "ArXiv": 0.12073691185628288,
    "Gutenberg (PG-19)": 0.030663467974575326,
    "NIH ExPorter": 0.0025713765501380946,
    "DM Mathematics": 0.0253135819312906,
    "BookCorpus2": 0.006135569137089927,
    "Wikipedia (en)": 0.06485623637548926,
    "OpenSubtitles": 0.01464934658628479
  },
  "eval_domain_weights": {
    "HackerNews": 0.007293917573508034,
    "FreeLaw": 0.04914821344306047,
    "Github": 0.05801351087987092,
    "PubMed Central": 0.1499181472452533,
    "Pile-CC": 0.09474957416493439,
    "YoutubeSubtitles": 0.00951306300004564,
    "EuroParl": 0.010292311224900243,
    "Ubuntu IRC": 0.013778890612802052,
    "USPTO Backgrounds": 0.03387174611820998,
    "PubMed Abstracts": 0.02875348162377297,
    "StackExchange": 0.06597303714784566,
    "Enron Emails": 0.0016873871118349244,
    "OpenWebText2": 0.1064311752373508,
    "Books3": 0.10130779512238648,
    "PhilPapers": 0.004341259083073259,
    "ArXiv": 0.12073691185628288,
    "Gutenberg (PG-19)": 0.030663467974575326,
    "NIH ExPorter": 0.0025713765501380946,
    "DM Mathematics": 0.0253135819312906,
    "BookCorpus2": 0.006135569137089927,
    "Wikipedia (en)": 0.06485623637548926,
    "OpenSubtitles": 0.01464934658628479
  }
}