{
  "train_domain_weights": {
    "ArXiv": 0.01492501050233841,
    "BookCorpus2": 0.05266512185335159,
    "Books3": 0.05105949938297272,
    "DM Mathematics": 0.0020128656178712845,
    "Enron Emails": 0.11649621278047562,
    "EuroParl": 0.054523617029190063,
    "FreeLaw": 0.030862538143992424,
    "Github": 0.012359135784208775,
    "Gutenberg (PG-19)": 0.042455028742551804,
    "HackerNews": 0.04363636299967766,
    "NIH ExPorter": 0.08736526966094971,
    "OpenSubtitles": 0.006830414291471243,
    "OpenWebText2": 0.05858839675784111,
    "PhilPapers": 0.11106663942337036,
    "Pile-CC": 0.05195197835564613,
    "PubMed Abstracts": 0.05435662716627121,
    "PubMed Central": 0.0033868069294840097,
    "StackExchange": 0.026008708402514458,
    "USPTO Backgrounds": 0.03332661837339401,
    "Ubuntu IRC": 0.03181939199566841,
    "Wikipedia (en)": 0.07349567860364914,
    "YoutubeSubtitles": 0.04080967977643013
  },
  "eval_domain_weights": {
    "ArXiv": 0.01492501050233841,
    "BookCorpus2": 0.05266512185335159,
    "Books3": 0.05105949938297272,
    "DM Mathematics": 0.0020128656178712845,
    "Enron Emails": 0.11649621278047562,
    "EuroParl": 0.054523617029190063,
    "FreeLaw": 0.030862538143992424,
    "Github": 0.012359135784208775,
    "Gutenberg (PG-19)": 0.042455028742551804,
    "HackerNews": 0.04363636299967766,
    "NIH ExPorter": 0.08736526966094971,
    "OpenSubtitles": 0.006830414291471243,
    "OpenWebText2": 0.05858839675784111,
    "PhilPapers": 0.11106663942337036,
    "Pile-CC": 0.05195197835564613,
    "PubMed Abstracts": 0.05435662716627121,
    "PubMed Central": 0.0033868069294840097,
    "StackExchange": 0.026008708402514458,
    "USPTO Backgrounds": 0.03332661837339401,
    "Ubuntu IRC": 0.03181939199566841,
    "Wikipedia (en)": 0.07349567860364914,
    "YoutubeSubtitles": 0.04080967977643013
  }
}