{
  "train_domain_weights": {
    "ArXiv": 0.022740982472896576,
    "BookCorpus2": 0.02274140901863575,
    "Books3": 0.022741487249732018,
    "DM Mathematics": 0.022740071639418602,
    "Enron Emails": 0.022742969915270805,
    "EuroParl": 0.022741300985217094,
    "FreeLaw": 0.5224344730377197,
    "Github": 0.02274072915315628,
    "Gutenberg (PG-19)": 0.022741379216313362,
    "HackerNews": 0.022741345688700676,
    "NIH ExPorter": 0.022741422057151794,
    "OpenSubtitles": 0.022740812972187996,
    "OpenWebText2": 0.02274138666689396,
    "PhilPapers": 0.022741641849279404,
    "Pile-CC": 0.022741468623280525,
    "PubMed Abstracts": 0.02274113893508911,
    "PubMed Central": 0.022740691900253296,
    "StackExchange": 0.02274075336754322,
    "USPTO Backgrounds": 0.02274126373231411,
    "Ubuntu IRC": 0.022740842774510384,
    "Wikipedia (en)": 0.022741174325346947,
    "YoutubeSubtitles": 0.022741267457604408
  },
  "eval_domain_weights": {
    "ArXiv": 0.022740982472896576,
    "BookCorpus2": 0.02274140901863575,
    "Books3": 0.022741487249732018,
    "DM Mathematics": 0.022740071639418602,
    "Enron Emails": 0.022742969915270805,
    "EuroParl": 0.022741300985217094,
    "FreeLaw": 0.5224344730377197,
    "Github": 0.02274072915315628,
    "Gutenberg (PG-19)": 0.022741379216313362,
    "HackerNews": 0.022741345688700676,
    "NIH ExPorter": 0.022741422057151794,
    "OpenSubtitles": 0.022740812972187996,
    "OpenWebText2": 0.02274138666689396,
    "PhilPapers": 0.022741641849279404,
    "Pile-CC": 0.022741468623280525,
    "PubMed Abstracts": 0.02274113893508911,
    "PubMed Central": 0.022740691900253296,
    "StackExchange": 0.02274075336754322,
    "USPTO Backgrounds": 0.02274126373231411,
    "Ubuntu IRC": 0.022740842774510384,
    "Wikipedia (en)": 0.022741174325346947,
    "YoutubeSubtitles": 0.022741267457604408
  }
}