{
  "train_domain_weights": {
    "HackerNews": 0.007869082705826428,
    "FreeLaw": 0.04028864004647753,
    "Github": 0.05538358553504176,
    "PubMed Central": 0.11390604348983037,
    "Pile-CC": 0.10902519458942543,
    "YoutubeSubtitles": 0.007196568461740471,
    "EuroParl": 0.007475643162169914,
    "Ubuntu IRC": 0.009786490667033484,
    "USPTO Backgrounds": 0.040149048461867946,
    "PubMed Abstracts": 0.0755828940694923,
    "StackExchange": 0.09073421750281291,
    "Enron Emails": 0.002939416393568188,
    "OpenWebText2": 0.12418372474078739,
    "Books3": 0.07201139517320936,
    "PhilPapers": 0.0031535363670820203,
    "ArXiv": 0.08861781321648841,
    "Gutenberg (PG-19)": 0.021821973865940435,
    "NIH ExPorter": 0.004653726876369989,
    "DM Mathematics": 0.020432462197971447,
    "BookCorpus2": 0.004369643887833866,
    "Wikipedia (en)": 0.0894341364150322,
    "OpenSubtitles": 0.010984762173998167
  },
  "eval_domain_weights": {
    "HackerNews": 0.007869082705826428,
    "FreeLaw": 0.04028864004647753,
    "Github": 0.05538358553504176,
    "PubMed Central": 0.11390604348983037,
    "Pile-CC": 0.10902519458942543,
    "YoutubeSubtitles": 0.007196568461740471,
    "EuroParl": 0.007475643162169914,
    "Ubuntu IRC": 0.009786490667033484,
    "USPTO Backgrounds": 0.040149048461867946,
    "PubMed Abstracts": 0.0755828940694923,
    "StackExchange": 0.09073421750281291,
    "Enron Emails": 0.002939416393568188,
    "OpenWebText2": 0.12418372474078739,
    "Books3": 0.07201139517320936,
    "PhilPapers": 0.0031535363670820203,
    "ArXiv": 0.08861781321648841,
    "Gutenberg (PG-19)": 0.021821973865940435,
    "NIH ExPorter": 0.004653726876369989,
    "DM Mathematics": 0.020432462197971447,
    "BookCorpus2": 0.004369643887833866,
    "Wikipedia (en)": 0.0894341364150322,
    "OpenSubtitles": 0.010984762173998167
  }
}