{
	"train_domain_weights": {
	    "ArXiv": 0.10828782618045807,
	    "BookCorpus2": 0.010265851393342018,
	    "Books3": 0.039131518453359604,
	    "DM Mathematics": 0.019106928259134293,
	    "Enron Emails": 0.0032565155997872353,
	    "EuroParl": 0.007423444651067257,
	    "FreeLaw": 0.0324789397418499,
	    "Github": 0.04955942928791046,
	    "Gutenberg (PG-19)": 0.019197292625904083,
	    "HackerNews": 0.008732733316719532,
	    "NIH ExPorter": 0.0060166260227561,
	    "OpenSubtitles": 0.010228447616100311,
	    "OpenWebText2": 0.1495402455329895,
	    "PhilPapers": 0.006189954932779074,
	    "Pile-CC": 0.09166897088289261,
	    "PubMed Abstracts": 0.09709332138299942,
	    "PubMed Central": 0.06308393180370331,
	    "StackExchange": 0.09301557391881943,
	    "USPTO Backgrounds": 0.0350445918738842,
	    "Ubuntu IRC": 0.012507355771958828,
	    "Wikipedia (en)": 0.12641745805740356,
	    "YoutubeSubtitles": 0.011752592399716377
	},
	"eval_domain_weights": {
	    "ArXiv": 0.10828782618045807,
	    "BookCorpus2": 0.010265851393342018,
	    "Books3": 0.039131518453359604,
	    "DM Mathematics": 0.019106928259134293,
	    "Enron Emails": 0.0032565155997872353,
	    "EuroParl": 0.007423444651067257,
	    "FreeLaw": 0.0324789397418499,
	    "Github": 0.04955942928791046,
	    "Gutenberg (PG-19)": 0.019197292625904083,
	    "HackerNews": 0.008732733316719532,
	    "NIH ExPorter": 0.0060166260227561,
	    "OpenSubtitles": 0.010228447616100311,
	    "OpenWebText2": 0.1495402455329895,
	    "PhilPapers": 0.006189954932779074,
	    "Pile-CC": 0.09166897088289261,
	    "PubMed Abstracts": 0.09709332138299942,
	    "PubMed Central": 0.06308393180370331,
	    "StackExchange": 0.09301557391881943,
	    "USPTO Backgrounds": 0.0350445918738842,
	    "Ubuntu IRC": 0.012507355771958828,
	    "Wikipedia (en)": 0.12641745805740356,
	    "YoutubeSubtitles": 0.011752592399716377
	}
}

