{
  "train_domain_weights": {
    "ArXiv": 0.053539443761110306,
    "BookCorpus2": 0.003705330193042755,
    "Books3": 0.07566335052251816,
    "DM Mathematics": 0.0018699447391554713,
    "Enron Emails": 0.00395314721390605,
    "EuroParl": 0.01197313703596592,
    "FreeLaw": 0.03801446408033371,
    "Github": 0.0324750579893589,
    "Gutenberg (PG-19)": 0.029194029048085213,
    "HackerNews": 0.008439486846327782,
    "NIH ExPorter": 0.008403019979596138,
    "OpenSubtitles": 0.00321995560079813,
    "OpenWebText2": 0.19049641489982605,
    "PhilPapers": 0.009265206754207611,
    "Pile-CC": 0.13788709044456482,
    "PubMed Abstracts": 0.0969872921705246,
    "PubMed Central": 0.06081143394112587,
    "StackExchange": 0.0746409222483635,
    "USPTO Backgrounds": 0.032686419785022736,
    "Ubuntu IRC": 0.008286269381642342,
    "Wikipedia (en)": 0.10682988911867142,
    "YoutubeSubtitles": 0.011665397323668003
  },
  "eval_domain_weights": {
    "ArXiv": 0.053539443761110306,
    "BookCorpus2": 0.003705330193042755,
    "Books3": 0.07566335052251816,
    "DM Mathematics": 0.0018699447391554713,
    "Enron Emails": 0.00395314721390605,
    "EuroParl": 0.01197313703596592,
    "FreeLaw": 0.03801446408033371,
    "Github": 0.0324750579893589,
    "Gutenberg (PG-19)": 0.029194029048085213,
    "HackerNews": 0.008439486846327782,
    "NIH ExPorter": 0.008403019979596138,
    "OpenSubtitles": 0.00321995560079813,
    "OpenWebText2": 0.19049641489982605,
    "PhilPapers": 0.009265206754207611,
    "Pile-CC": 0.13788709044456482,
    "PubMed Abstracts": 0.0969872921705246,
    "PubMed Central": 0.06081143394112587,
    "StackExchange": 0.0746409222483635,
    "USPTO Backgrounds": 0.032686419785022736,
    "Ubuntu IRC": 0.008286269381642342,
    "Wikipedia (en)": 0.10682988911867142,
    "YoutubeSubtitles": 0.011665397323668003
  }
}