{"train_domain_weights": {"OpenSubtitles": 0.012931243290435481, "StackExchange": 0.07056051937505839, "DM Mathematics": 0.023303105693901805, "HackerNews": 0.006525820988253016, "USPTO Backgrounds": 0.03139038716238549, "NIH ExPorter": 0.0023881293281010608, "Wikipedia (en)": 0.056998000546563815, "Ubuntu IRC": 0.013358070545271104, "PubMed Central": 0.17871453649822144, "OpenWebText2": 0.09755537018941356, "FreeLaw": 0.04981038890519737, "PubMed Abstracts": 0.026880196472930076, "YoutubeSubtitles": 0.010405942500473109, "PhilPapers": 0.004073507450540163, "Github": 0.06776744847068096, "Enron Emails": 0.001659739321317001, "Books3": 0.09011761228325699, "EuroParl": 0.011118376891542481, "Gutenberg (PG-19)": 0.028267315204953573, "Pile-CC": 0.08385454298069095, "ArXiv": 0.12691374509289924, "BookCorpus2": 0.005406000807912924}, "eval_domain_weights": {"OpenSubtitles": 0.012931243290435481, "StackExchange": 0.07056051937505839, "DM Mathematics": 0.023303105693901805, "HackerNews": 0.006525820988253016, "USPTO Backgrounds": 0.03139038716238549, "NIH ExPorter": 0.0023881293281010608, "Wikipedia (en)": 0.056998000546563815, "Ubuntu IRC": 0.013358070545271104, "PubMed Central": 0.17871453649822144, "OpenWebText2": 0.09755537018941356, "FreeLaw": 0.04981038890519737, "PubMed Abstracts": 0.026880196472930076, "YoutubeSubtitles": 0.010405942500473109, "PhilPapers": 0.004073507450540163, "Github": 0.06776744847068096, "Enron Emails": 0.001659739321317001, "Books3": 0.09011761228325699, "EuroParl": 0.011118376891542481, "Gutenberg (PG-19)": 0.028267315204953573, "Pile-CC": 0.08385454298069095, "ArXiv": 0.12691374509289924, "BookCorpus2": 0.005406000807912924}}