{
    "train_domain_weights": {
        "OpenWebText2": 0.09775586462643499,
        "USPTO Backgrounds": 0.03140795045917511,
        "NIH ExPorter": 0.0023928743845885113,
        "Wikipedia (en)": 0.05701410091678683,
        "YoutubeSubtitles": 0.01036369444489219,
        "Books3": 0.08962977026764934,
        "HackerNews": 0.0065644118455622695,
        "StackExchange": 0.07060767825138384,
        "Enron Emails": 0.0016620006547216533,
        "FreeLaw": 0.04990353165052762,
        "DM Mathematics": 0.023357942713038593,
        "PubMed Central": 0.17910951066316264,
        "OpenSubtitles": 0.012958955679200202,
        "BookCorpus2": 0.00542857044764445,
        "Ubuntu IRC": 0.012826736974857382,
        "PhilPapers": 0.004084736507121471,
        "PubMed Abstracts": 0.026910885175178784,
        "EuroParl": 0.011110075965285286,
        "Github": 0.06786428803733695,
        "Gutenberg (PG-19)": 0.028220093293859178,
        "Pile-CC": 0.08392378833578677,
        "ArXiv": 0.12690253870580614
    },
    "eval_domain_weights": {
        "OpenWebText2": 0.09775586462643499,
        "USPTO Backgrounds": 0.03140795045917511,
        "NIH ExPorter": 0.0023928743845885113,
        "Wikipedia (en)": 0.05701410091678683,
        "YoutubeSubtitles": 0.01036369444489219,
        "Books3": 0.08962977026764934,
        "HackerNews": 0.0065644118455622695,
        "StackExchange": 0.07060767825138384,
        "Enron Emails": 0.0016620006547216533,
        "FreeLaw": 0.04990353165052762,
        "DM Mathematics": 0.023357942713038593,
        "PubMed Central": 0.17910951066316264,
        "OpenSubtitles": 0.012958955679200202,
        "BookCorpus2": 0.00542857044764445,
        "Ubuntu IRC": 0.012826736974857382,
        "PhilPapers": 0.004084736507121471,
        "PubMed Abstracts": 0.026910885175178784,
        "EuroParl": 0.011110075965285286,
        "Github": 0.06786428803733695,
        "Gutenberg (PG-19)": 0.028220093293859178,
        "Pile-CC": 0.08392378833578677,
        "ArXiv": 0.12690253870580614
    }
}
