{"train_domain_weights": {"ArXiv": 0.045454545454545456, "BookCorpus2": 0.045454545454545456, "Books3": 0.045454545454545456, "DM Mathematics": 0.045454545454545456, "Enron Emails": 0.045454545454545456, "EuroParl": 0.045454545454545456, "FreeLaw": 0.045454545454545456, "Github": 0.045454545454545456, "Gutenberg (PG-19)": 0.045454545454545456, "HackerNews": 0.045454545454545456, "NIH ExPorter": 0.045454545454545456, "OpenSubtitles": 0.045454545454545456, "OpenWebText2": 0.045454545454545456, "PhilPapers": 0.045454545454545456, "Pile-CC": 0.045454545454545456, "PubMed Abstracts": 0.045454545454545456, "PubMed Central": 0.045454545454545456, "StackExchange": 0.045454545454545456, "USPTO Backgrounds": 0.045454545454545456, "Ubuntu IRC": 0.045454545454545456, "Wikipedia (en)": 0.045454545454545456, "YoutubeSubtitles": 0.045454545454545456}, "eval_domain_weights": {"ArXiv": 0.045454545454545456, "BookCorpus2": 0.045454545454545456, "Books3": 0.045454545454545456, "DM Mathematics": 0.045454545454545456, "Enron Emails": 0.045454545454545456, "EuroParl": 0.045454545454545456, "FreeLaw": 0.045454545454545456, "Github": 0.045454545454545456, "Gutenberg (PG-19)": 0.045454545454545456, "HackerNews": 0.045454545454545456, "NIH ExPorter": 0.045454545454545456, "OpenSubtitles": 0.045454545454545456, "OpenWebText2": 0.045454545454545456, "PhilPapers": 0.045454545454545456, "Pile-CC": 0.045454545454545456, "PubMed Abstracts": 0.045454545454545456, "PubMed Central": 0.045454545454545456, "StackExchange": 0.045454545454545456, "USPTO Backgrounds": 0.045454545454545456, "Ubuntu IRC": 0.045454545454545456, "Wikipedia (en)": 0.045454545454545456, "YoutubeSubtitles": 0.045454545454545456}}